{
    "data": [
        {
            "id": 1,
            "name": "DO-SF 04 316B Sofa",
            "price": "2,366.00",
            "desc": "Sofa",
            "material": "",
            "dimension": "4300*1120*890",
            "image": [
                "https://img.myshopline.com/image/store/1716802692037/WechatIMG552.jpeg?w=1080&h=1080&q=80",
                "https://img.myshopline.com/image/store/1716802692037/WechatIMG553.jpeg?w=800&h=800&q=80"
            ]
        },
        {
            "id": 2,
            "name": "DO-SF 08 321 Sofa",
            "price": "2,367.00",
            "desc": "Sofa",
            "material": "",
            "dimension": "4300*1120*890",
            "image": [
                "https://img.myshopline.com/image/store/1716802692037/WechatIMG548.jpeg?w=800&h=719&q=80",
                "https://img.myshopline.com/image/store/1716802692037/WechatIMG547.jpeg?w=800&h=800&q=80",
                "https://img.myshopline.com/image/store/1716802692037/WechatIMG550.jpeg?w=1440&h=1080&q=80",
                "https://img.myshopline.com/image/store/1716802692037/WechatIMG549.jpeg?w=1440&h=1080&q=80"
            ]
        },
        {
            "id": 3,
            "name": "DO-SF 13 325 Sofa",
            "price": "2,524.00",
            "desc": "Sofa",
            "material": "",
            "dimension": "3360*1120*820",
            "image": [
                "https://img.myshopline.com/image/store/1716802692037/WechatIMG562.jpeg?w=1440&h=1080&q=80",
                "https://img.myshopline.com/image/store/1716802692037/WechatIMG560.jpeg?w=1440&h=1080&q=80",
                "https://img.myshopline.com/image/store/1716802692037/WechatIMG561.jpeg?w=1440&h=1080&q=80"
            ]
        },
        {
            "id": 4,
            "name": "DO-SF 04 316B Sofa",
            "price": "2,366.00",
            "desc": "Sofa",
            "material": "",
            "dimension": "4300*1120*890",
            "image": [
                "https://img.myshopline.com/image/store/1716802692037/WechatIMG552.jpeg?w=1080&h=1080&q=80",
                "https://img.myshopline.com/image/store/1716802692037/WechatIMG553.jpeg?w=800&h=800&q=80",
                "https://img.myshopline.com/image/store/1716802692037/WechatIMG553.jpeg?w=800&h=800&q=80"
            ]
        },
        {
            "id": 5,
            "name": "DO-SF 08 321 Sofa",
            "price": "2,367.00",
            "desc": "Sofa",
            "material": "",
            "dimension": "4300*1120*890",
            "image": [
                "https://img.myshopline.com/image/store/1716802692037/WechatIMG548.jpeg?w=800&h=719&q=80",
                "https://img.myshopline.com/image/store/1716802692037/WechatIMG547.jpeg?w=800&h=800&q=80",
                "https://img.myshopline.com/image/store/1716802692037/WechatIMG550.jpeg?w=1440&h=1080&q=80",
                "https://img.myshopline.com/image/store/1716802692037/WechatIMG549.jpeg?w=1440&h=1080&q=80"
            ]
        },
        {
            "id": 6,
            "name": "DO-SF 13 325 Sofa",
            "price": "2,524.00",
            "desc": "Sofa",
            "material": "",
            "dimension": "3360*1120*820",
            "image": [
                "https://img.myshopline.com/image/store/1716802692037/WechatIMG562.jpeg?w=1440&h=1080&q=80",
                "https://img.myshopline.com/image/store/1716802692037/WechatIMG560.jpeg?w=1440&h=1080&q=80",
                "https://img.myshopline.com/image/store/1716802692037/WechatIMG561.jpeg?w=1440&h=1080&q=80"
            ]
        },
        {
            "id": 7,
            "name": "DO-NS 03 Nightstand A8190",
            "price": "114.00",
            "desc": "Nightstand",
            "material": " Smoked wood veneer, solid wood cabinet",
            "dimension": "45x44x52",
            "image": [
                "https://img.myshopline.com/image/store/1716802692037/518PvicTq2L-AC-SL1024-_540x.jpeg?w=1024&h=1024?w=1080&h=1080&q=80",
                "https://img.myshopline.com/image/store/1716802692037/6583338cfbadc6671ca9bcd2f4ba2f5_540x.jpeg?w=800&h=800&q=80"
            ]
        },
        {
            "id": 8,
            "name": "DO-NS 03 Nightstand A8190",
            "price": "114.00",
            "desc": "Nightstand",
            "material": " Smoked wood veneer, solid wood cabinet",
            "dimension": "45x44x52",
            "image": [
                "https://img.myshopline.com/image/store/1716802692037/518PvicTq2L-AC-SL1024-_540x.jpeg?w=1024&h=1024?w=1080&h=1080&q=80",
                "https://img.myshopline.com/image/store/1716802692037/6583338cfbadc6671ca9bcd2f4ba2f5_540x.jpeg?w=800&h=800&q=80"
            ]
        },
        {
            "id": 9,
            "name": "DO-NS 03 Nightstand A8190",
            "price": "114.00",
            "desc": "Nightstand",
            "material": " Smoked wood veneer, solid wood cabinet",
            "dimension": "45x44x52",
            "image": [
                "https://img.myshopline.com/image/store/1716802692037/518PvicTq2L-AC-SL1024-_540x.jpeg?w=1024&h=1024?w=1080&h=1080&q=80",
                "https://img.myshopline.com/image/store/1716802692037/6583338cfbadc6671ca9bcd2f4ba2f5_540x.jpeg?w=800&h=800&q=80"
            ]
        },
        {
            "id": 10,
            "name": "DO-NS 03 Nightstand A8190",
            "price": "114.00",
            "desc": "Nightstand",
            "material": " Smoked wood veneer, solid wood cabinet",
            "dimension": "45x44x52",
            "image": [
                "https://img.myshopline.com/image/store/1716802692037/518PvicTq2L-AC-SL1024-_540x.jpeg?w=1024&h=1024?w=1080&h=1080&q=80",
                "https://img.myshopline.com/image/store/1716802692037/6583338cfbadc6671ca9bcd2f4ba2f5_540x.jpeg?w=800&h=800&q=80"
            ]
        },
        {
            "id": 11,
            "name": "DO-NS 03 Nightstand A8190",
            "price": "114.00",
            "desc": "Nightstand",
            "material": " Smoked wood veneer, solid wood cabinet",
            "dimension": "45x44x52",
            "image": [
                "https://img.myshopline.com/image/store/1716802692037/518PvicTq2L-AC-SL1024-_540x.jpeg?w=1024&h=1024?w=1080&h=1080&q=80",
                "https://img.myshopline.com/image/store/1716802692037/6583338cfbadc6671ca9bcd2f4ba2f5_540x.jpeg?w=800&h=800&q=80"
            ]
        },
        {
            "id": 12,
            "name": "DO-NS 03 Nightstand A8190",
            "price": "114.00",
            "desc": "Nightstand",
            "material": " Smoked wood veneer, solid wood cabinet",
            "dimension": "45x44x52",
            "image": [
                "https://img.myshopline.com/image/store/1716802692037/518PvicTq2L-AC-SL1024-_540x.jpeg?w=1024&h=1024?w=1080&h=1080&q=80",
                "https://img.myshopline.com/image/store/1716802692037/6583338cfbadc6671ca9bcd2f4ba2f5_540x.jpeg?w=800&h=800&q=80"
            ]
        },
        {
            "id": 13,
            "name": "DO-CT 07 C09 Table",
            "price": "134.00",
            "desc": "Coffee Table",
            "material": " brushed antique copper + imported onyx natural stone",
            "dimension": "400*490",
            "image": [
                "https://img.myshopline.com/image/store/1716802692037/C09.png?w=332&h=402&q=80",
                "https://img.myshopline.com/image/store/1716802692037/C09.png?w=332&h=402&q=80"
            ]
        },
        {
            "id": 14,
            "name": "DO-CT 08 L09 Table",
            "price": "371.00",
            "desc": "Coffee Table",
            "material": "stainless steel net surface anti-fingerprint + natural full star marble/imported onyx natural marble",
            "dimension": "810*580*390",
            "image": [
                "https://img.myshopline.com/image/store/1716802692037/L09.jpeg?w=646&h=372&q=80",
                "https://img.myshopline.com/image/store/1716802692037/L09.jpeg?w=646&h=372&q=80"
            ]
        },
        {
            "id": 15,
            "name": "DO-CT 06 M51 Table",
            "price": "233.00",
            "desc": "Coffee Table",
            "material": "brushed stainless steel",
            "dimension": "370*420*460",
            "image": [
                "https://img.myshopline.com/image/store/1716802692037/M51_375x.jpeg?w=1440&h=1080&q=80",
                "https://img.myshopline.com/image/store/1716802692037/M51_375x.jpeg?w=1440&h=1080&q=80"
            ]
        },
        {
            "id": 16,
            "name": "DO-CT 05 C290 Coffee Table",
            "price": "588.00",
            "desc": "Coffee Table",
            "material": "Material/process: solid stainless steel 10mm brushed anti-fingerprint + natural onyx marble",
            "dimension": "1200*1200*260",
            "image": [
                "https://img.myshopline.com/image/store/1716802692037/62710ec21f57a3f77cb6c9d1ff43540_375x.jpeg?w=1080&h=1080&q=80",
                "https://img.myshopline.com/image/store/1716802692037/dcb9c26007b37b1fb0ec211e0a0d946_375x.jpeg?w=800&h=800&q=80"
            ]
        },
        {
            "id": 17,
            "name": "DO-CT 07 C09 Table",
            "price": "134.00",
            "desc": "Coffee Table",
            "material": " brushed antique copper + imported onyx natural stone",
            "dimension": "400*490",
            "image": [
                "https://img.myshopline.com/image/store/1716802692037/C09.png?w=332&h=402&q=80",
                "https://img.myshopline.com/image/store/1716802692037/C09.png?w=332&h=402&q=80"
            ]
        },
        {
            "id": 18,
            "name": "DO-CT 08 L09 Table",
            "price": "371.00",
            "desc": "Coffee Table",
            "material": "stainless steel net surface anti-fingerprint + natural full star marble/imported onyx natural marble",
            "dimension": "810*580*390",
            "image": [
                "https://img.myshopline.com/image/store/1716802692037/L09.jpeg?w=646&h=372&q=80",
                "https://img.myshopline.com/image/store/1716802692037/L09.jpeg?w=646&h=372&q=80"
            ]
        },
        {
            "id": 19,
            "name": "DO-CT 06 M51 Table",
            "price": "233.00",
            "desc": "Coffee Table",
            "material": "brushed stainless steel",
            "dimension": "370*420*460",
            "image": [
                "https://img.myshopline.com/image/store/1716802692037/M51_375x.jpeg?w=1440&h=1080&q=80",
                "https://img.myshopline.com/image/store/1716802692037/M51_375x.jpeg?w=1440&h=1080&q=80"
            ]
        },
        {
            "id": 20,
            "name": "DO-CT 05 C290 Coffee Table",
            "price": "588.00",
            "desc": "Coffee Table",
            "material": "Material/process: solid stainless steel 10mm brushed anti-fingerprint + natural onyx marble",
            "dimension": "1200*1200*260",
            "image": [
                "https://img.myshopline.com/image/store/1716802692037/62710ec21f57a3f77cb6c9d1ff43540_375x.jpeg?w=1080&h=1080&q=80",
                "https://img.myshopline.com/image/store/1716802692037/dcb9c26007b37b1fb0ec211e0a0d946_375x.jpeg?w=800&h=800&q=80"
            ]
        },
        {
            "id": 21,
            "name": "DO-NS 03 Nightstand A8190",
            "price": "114.00",
            "desc": "Bed",
            "material": " Smoked wood veneer, solid wood cabinet",
            "dimension": "45x44x52",
            "image": [
                "https://img.myshopline.com/image/store/1716802692037/518PvicTq2L-AC-SL1024-_540x.jpeg?w=1024&h=1024?w=1080&h=1080&q=80",
                "https://img.myshopline.com/image/store/1716802692037/6583338cfbadc6671ca9bcd2f4ba2f5_540x.jpeg?w=800&h=800&q=80"
            ]
        },
        {
            "id": 22,
            "name": "DO-NS 03 Nightstand A8190",
            "price": "114.00",
            "desc": "Bed",
            "material": " Smoked wood veneer, solid wood cabinet",
            "dimension": "45x44x52",
            "image": [
                "https://img.myshopline.com/image/store/1716802692037/518PvicTq2L-AC-SL1024-_540x.jpeg?w=1024&h=1024?w=1080&h=1080&q=80",
                "https://img.myshopline.com/image/store/1716802692037/6583338cfbadc6671ca9bcd2f4ba2f5_540x.jpeg?w=800&h=800&q=80"
            ]
        },
        {
            "id": 23,
            "name": "DO-NS 03 Nightstand A8190",
            "price": "114.00",
            "desc": "Bed",
            "material": " Smoked wood veneer, solid wood cabinet",
            "dimension": "45x44x52",
            "image": [
                "https://img.myshopline.com/image/store/1716802692037/518PvicTq2L-AC-SL1024-_540x.jpeg?w=1024&h=1024?w=1080&h=1080&q=80",
                "https://img.myshopline.com/image/store/1716802692037/6583338cfbadc6671ca9bcd2f4ba2f5_540x.jpeg?w=800&h=800&q=80"
            ]
        },
        {
            "id": 24,
            "name": "DO-CT 05 C290 Coffee Table",
            "price": "588.00",
            "desc": "Dining Chair",
            "material": "Material/process: solid stainless steel 10mm brushed anti-fingerprint + natural onyx marble",
            "dimension": "1200*1200*260",
            "image": [
                "https://img.myshopline.com/image/store/1716802692037/62710ec21f57a3f77cb6c9d1ff43540_375x.jpeg?w=1080&h=1080&q=80",
                "https://img.myshopline.com/image/store/1716802692037/dcb9c26007b37b1fb0ec211e0a0d946_375x.jpeg?w=800&h=800&q=80"
            ]
        },
        {
            "id": 25,
            "name": "DO-CT 05 C290 Coffee Table",
            "price": "588.00",
            "desc": "Dining Chair",
            "material": "Material/process: solid stainless steel 10mm brushed anti-fingerprint + natural onyx marble",
            "dimension": "1200*1200*260",
            "image": [
                "https://img.myshopline.com/image/store/1716802692037/62710ec21f57a3f77cb6c9d1ff43540_375x.jpeg?w=1080&h=1080&q=80",
                "https://img.myshopline.com/image/store/1716802692037/dcb9c26007b37b1fb0ec211e0a0d946_375x.jpeg?w=800&h=800&q=80"
            ]
        },
        {
            "id": 26,
            "name": "DO-CT 05 C290 Coffee Table",
            "price": "588.00",
            "desc": "Dining Chair",
            "material": "Material/process: solid stainless steel 10mm brushed anti-fingerprint + natural onyx marble",
            "dimension": "1200*1200*260",
            "image": [
                "https://img.myshopline.com/image/store/1716802692037/62710ec21f57a3f77cb6c9d1ff43540_375x.jpeg?w=1080&h=1080&q=80",
                "https://img.myshopline.com/image/store/1716802692037/dcb9c26007b37b1fb0ec211e0a0d946_375x.jpeg?w=800&h=800&q=80"
            ]
        },
        {
            "id": 27,
            "name": "DO-CT 05 C290 Coffee Table",
            "price": "588.00",
            "desc": "Dining Table",
            "material": "Material/process: solid stainless steel 10mm brushed anti-fingerprint + natural onyx marble",
            "dimension": "1200*1200*260",
            "image": [
                "https://img.myshopline.com/image/store/1716802692037/62710ec21f57a3f77cb6c9d1ff43540_375x.jpeg?w=1080&h=1080&q=80",
                "https://img.myshopline.com/image/store/1716802692037/dcb9c26007b37b1fb0ec211e0a0d946_375x.jpeg?w=800&h=800&q=80"
            ]
        },
        {
            "id": 28,
            "name": "DO-NS 03 Nightstand A8190",
            "price": "114.00",
            "desc": "Dining Table",
            "material": " Smoked wood veneer, solid wood cabinet",
            "dimension": "45x44x52",
            "image": [
                "https://img.myshopline.com/image/store/1716802692037/518PvicTq2L-AC-SL1024-_540x.jpeg?w=1024&h=1024?w=1080&h=1080&q=80",
                "https://img.myshopline.com/image/store/1716802692037/6583338cfbadc6671ca9bcd2f4ba2f5_540x.jpeg?w=800&h=800&q=80"
            ]
        },
        {
            "id": 29,
            "name": "DO-NS 03 Nightstand A8190",
            "price": "114.00",
            "desc": "Dining Table",
            "material": " Smoked wood veneer, solid wood cabinet",
            "dimension": "45x44x52",
            "image": [
                "https://img.myshopline.com/image/store/1716802692037/518PvicTq2L-AC-SL1024-_540x.jpeg?w=1024&h=1024?w=1080&h=1080&q=80",
                "https://img.myshopline.com/image/store/1716802692037/6583338cfbadc6671ca9bcd2f4ba2f5_540x.jpeg?w=800&h=800&q=80"
            ]
        },
        {
            "id": 30,
            "name": "DO-NS 03 Nightstand A8190",
            "price": "114.00",
            "desc": "Dining Table",
            "material": " Smoked wood veneer, solid wood cabinet",
            "dimension": "45x44x52",
            "image": [
                "https://img.myshopline.com/image/store/1716802692037/518PvicTq2L-AC-SL1024-_540x.jpeg?w=1024&h=1024?w=1080&h=1080&q=80",
                "https://img.myshopline.com/image/store/1716802692037/6583338cfbadc6671ca9bcd2f4ba2f5_540x.jpeg?w=800&h=800&q=80"
            ]
        },
        {
            "id": 31,
            "name": "DO-SF 04 316B Sofa",
            "price": "2,366.00",
            "desc": "INDOOR",
            "material": "",
            "dimension": "4300*1120*890",
            "image": [
                "https://img.myshopline.com/image/store/1716802692037/WechatIMG552.jpeg?w=1080&h=1080&q=80",
                "https://img.myshopline.com/image/store/1716802692037/WechatIMG553.jpeg?w=800&h=800&q=80"
            ]
        },
        {
            "id": 32,
            "name": "DO-SF 08 321 Sofa",
            "price": "2,367.00",
            "desc": "INDOOR",
            "material": "",
            "dimension": "4300*1120*890",
            "image": [
                "https://img.myshopline.com/image/store/1716802692037/WechatIMG548.jpeg?w=800&h=719&q=80",
                "https://img.myshopline.com/image/store/1716802692037/WechatIMG547.jpeg?w=800&h=800&q=80",
                "https://img.myshopline.com/image/store/1716802692037/WechatIMG550.jpeg?w=1440&h=1080&q=80",
                "https://img.myshopline.com/image/store/1716802692037/WechatIMG549.jpeg?w=1440&h=1080&q=80"
            ]
        },
        {
            "id": 33,
            "name": "DO-NS 03 Nightstand A8190",
            "price": "114.00",
            "desc": "OUTDOOR",
            "material": " Smoked wood veneer, solid wood cabinet",
            "dimension": "45x44x52",
            "image": [
                "https://img.myshopline.com/image/store/1716802692037/518PvicTq2L-AC-SL1024-_540x.jpeg?w=1024&h=1024?w=1080&h=1080&q=80",
                "https://img.myshopline.com/image/store/1716802692037/6583338cfbadc6671ca9bcd2f4ba2f5_540x.jpeg?w=800&h=800&q=80"
            ]
        },
        {
            "id": 34,
            "name": "DO-SF 04 316B Sofa",
            "price": "2,366.00",
            "desc": "OUTDOOR",
            "material": "",
            "dimension": "4300*1120*890",
            "image": [
                "https://img.myshopline.com/image/store/1716802692037/WechatIMG552.jpeg?w=1080&h=1080&q=80",
                "https://img.myshopline.com/image/store/1716802692037/WechatIMG553.jpeg?w=800&h=800&q=80"
            ]
        },
        {
            "id": 1,
            "name": "DO-SF 04 316B Sofa",
            "price": "2,366.00",
            "desc": "Sofa",
            "material": "",
            "dimension": "4300*1120*890",
            "image": [
                "https://img.myshopline.com/image/store/1716802692037/WechatIMG552.jpeg?w=1080&h=1080&q=80",
                "https://img.myshopline.com/image/store/1716802692037/WechatIMG553.jpeg?w=800&h=800&q=80"
            ]
        },
        {
            "id": 2,
            "name": "DO-SF 08 321 Sofa",
            "price": "2,367.00",
            "desc": "Sofa",
            "material": "",
            "dimension": "4300*1120*890",
            "image": [
                "https://img.myshopline.com/image/store/1716802692037/WechatIMG548.jpeg?w=800&h=719&q=80",
                "https://img.myshopline.com/image/store/1716802692037/WechatIMG547.jpeg?w=800&h=800&q=80",
                "https://img.myshopline.com/image/store/1716802692037/WechatIMG550.jpeg?w=1440&h=1080&q=80",
                "https://img.myshopline.com/image/store/1716802692037/WechatIMG549.jpeg?w=1440&h=1080&q=80"
            ]
        },
        {
            "id": 3,
            "name": "DO-SF 13 325 Sofa",
            "price": "2,524.00",
            "desc": "Sofa",
            "material": "",
            "dimension": "3360*1120*820",
            "image": [
                "https://img.myshopline.com/image/store/1716802692037/WechatIMG562.jpeg?w=1440&h=1080&q=80",
                "https://img.myshopline.com/image/store/1716802692037/WechatIMG560.jpeg?w=1440&h=1080&q=80",
                "https://img.myshopline.com/image/store/1716802692037/WechatIMG561.jpeg?w=1440&h=1080&q=80"
            ]
        },
        {
            "id": 4,
            "name": "DO-SF 04 316B Sofa",
            "price": "2,366.00",
            "desc": "Sofa",
            "material": "",
            "dimension": "4300*1120*890",
            "image": [
                "https://img.myshopline.com/image/store/1716802692037/WechatIMG552.jpeg?w=1080&h=1080&q=80",
                "https://img.myshopline.com/image/store/1716802692037/WechatIMG553.jpeg?w=800&h=800&q=80",
                "https://img.myshopline.com/image/store/1716802692037/WechatIMG553.jpeg?w=800&h=800&q=80"
            ]
        },
        {
            "id": 5,
            "name": "DO-SF 08 321 Sofa",
            "price": "2,367.00",
            "desc": "Sofa",
            "material": "",
            "dimension": "4300*1120*890",
            "image": [
                "https://img.myshopline.com/image/store/1716802692037/WechatIMG548.jpeg?w=800&h=719&q=80",
                "https://img.myshopline.com/image/store/1716802692037/WechatIMG547.jpeg?w=800&h=800&q=80",
                "https://img.myshopline.com/image/store/1716802692037/WechatIMG550.jpeg?w=1440&h=1080&q=80",
                "https://img.myshopline.com/image/store/1716802692037/WechatIMG549.jpeg?w=1440&h=1080&q=80"
            ]
        },
        {
            "id": 6,
            "name": "DO-SF 13 325 Sofa",
            "price": "2,524.00",
            "desc": "Sofa",
            "material": "",
            "dimension": "3360*1120*820",
            "image": [
                "https://img.myshopline.com/image/store/1716802692037/WechatIMG562.jpeg?w=1440&h=1080&q=80",
                "https://img.myshopline.com/image/store/1716802692037/WechatIMG560.jpeg?w=1440&h=1080&q=80",
                "https://img.myshopline.com/image/store/1716802692037/WechatIMG561.jpeg?w=1440&h=1080&q=80"
            ]
        },
        {
            "id": 7,
            "name": "DO-NS 03 Nightstand A8190",
            "price": "114.00",
            "desc": "Nightstand",
            "material": " Smoked wood veneer, solid wood cabinet",
            "dimension": "45x44x52",
            "image": [
                "https://img.myshopline.com/image/store/1716802692037/518PvicTq2L-AC-SL1024-_540x.jpeg?w=1024&h=1024?w=1080&h=1080&q=80",
                "https://img.myshopline.com/image/store/1716802692037/6583338cfbadc6671ca9bcd2f4ba2f5_540x.jpeg?w=800&h=800&q=80"
            ]
        },
        {
            "id": 8,
            "name": "DO-NS 03 Nightstand A8190",
            "price": "114.00",
            "desc": "Nightstand",
            "material": " Smoked wood veneer, solid wood cabinet",
            "dimension": "45x44x52",
            "image": [
                "https://img.myshopline.com/image/store/1716802692037/518PvicTq2L-AC-SL1024-_540x.jpeg?w=1024&h=1024?w=1080&h=1080&q=80",
                "https://img.myshopline.com/image/store/1716802692037/6583338cfbadc6671ca9bcd2f4ba2f5_540x.jpeg?w=800&h=800&q=80"
            ]
        },
        {
            "id": 9,
            "name": "DO-NS 03 Nightstand A8190",
            "price": "114.00",
            "desc": "Nightstand",
            "material": " Smoked wood veneer, solid wood cabinet",
            "dimension": "45x44x52",
            "image": [
                "https://img.myshopline.com/image/store/1716802692037/518PvicTq2L-AC-SL1024-_540x.jpeg?w=1024&h=1024?w=1080&h=1080&q=80",
                "https://img.myshopline.com/image/store/1716802692037/6583338cfbadc6671ca9bcd2f4ba2f5_540x.jpeg?w=800&h=800&q=80"
            ]
        },
        {
            "id": 10,
            "name": "DO-NS 03 Nightstand A8190",
            "price": "114.00",
            "desc": "Nightstand",
            "material": " Smoked wood veneer, solid wood cabinet",
            "dimension": "45x44x52",
            "image": [
                "https://img.myshopline.com/image/store/1716802692037/518PvicTq2L-AC-SL1024-_540x.jpeg?w=1024&h=1024?w=1080&h=1080&q=80",
                "https://img.myshopline.com/image/store/1716802692037/6583338cfbadc6671ca9bcd2f4ba2f5_540x.jpeg?w=800&h=800&q=80"
            ]
        },
        {
            "id": 11,
            "name": "DO-NS 03 Nightstand A8190",
            "price": "114.00",
            "desc": "Nightstand",
            "material": " Smoked wood veneer, solid wood cabinet",
            "dimension": "45x44x52",
            "image": [
                "https://img.myshopline.com/image/store/1716802692037/518PvicTq2L-AC-SL1024-_540x.jpeg?w=1024&h=1024?w=1080&h=1080&q=80",
                "https://img.myshopline.com/image/store/1716802692037/6583338cfbadc6671ca9bcd2f4ba2f5_540x.jpeg?w=800&h=800&q=80"
            ]
        },
        {
            "id": 12,
            "name": "DO-NS 03 Nightstand A8190",
            "price": "114.00",
            "desc": "Nightstand",
            "material": " Smoked wood veneer, solid wood cabinet",
            "dimension": "45x44x52",
            "image": [
                "https://img.myshopline.com/image/store/1716802692037/518PvicTq2L-AC-SL1024-_540x.jpeg?w=1024&h=1024?w=1080&h=1080&q=80",
                "https://img.myshopline.com/image/store/1716802692037/6583338cfbadc6671ca9bcd2f4ba2f5_540x.jpeg?w=800&h=800&q=80"
            ]
        },
        {
            "id": 13,
            "name": "DO-CT 07 C09 Table",
            "price": "134.00",
            "desc": "Coffee Table",
            "material": " brushed antique copper + imported onyx natural stone",
            "dimension": "400*490",
            "image": [
                "https://img.myshopline.com/image/store/1716802692037/C09.png?w=332&h=402&q=80",
                "https://img.myshopline.com/image/store/1716802692037/C09.png?w=332&h=402&q=80"
            ]
        },
        {
            "id": 14,
            "name": "DO-CT 08 L09 Table",
            "price": "371.00",
            "desc": "Coffee Table",
            "material": "stainless steel net surface anti-fingerprint + natural full star marble/imported onyx natural marble",
            "dimension": "810*580*390",
            "image": [
                "https://img.myshopline.com/image/store/1716802692037/L09.jpeg?w=646&h=372&q=80",
                "https://img.myshopline.com/image/store/1716802692037/L09.jpeg?w=646&h=372&q=80"
            ]
        },
        {
            "id": 15,
            "name": "DO-CT 06 M51 Table",
            "price": "233.00",
            "desc": "Coffee Table",
            "material": "brushed stainless steel",
            "dimension": "370*420*460",
            "image": [
                "https://img.myshopline.com/image/store/1716802692037/M51_375x.jpeg?w=1440&h=1080&q=80",
                "https://img.myshopline.com/image/store/1716802692037/M51_375x.jpeg?w=1440&h=1080&q=80"
            ]
        },
        {
            "id": 16,
            "name": "DO-CT 05 C290 Coffee Table",
            "price": "588.00",
            "desc": "Coffee Table",
            "material": "Material/process: solid stainless steel 10mm brushed anti-fingerprint + natural onyx marble",
            "dimension": "1200*1200*260",
            "image": [
                "https://img.myshopline.com/image/store/1716802692037/62710ec21f57a3f77cb6c9d1ff43540_375x.jpeg?w=1080&h=1080&q=80",
                "https://img.myshopline.com/image/store/1716802692037/dcb9c26007b37b1fb0ec211e0a0d946_375x.jpeg?w=800&h=800&q=80"
            ]
        },
        {
            "id": 17,
            "name": "DO-CT 07 C09 Table",
            "price": "134.00",
            "desc": "Coffee Table",
            "material": " brushed antique copper + imported onyx natural stone",
            "dimension": "400*490",
            "image": [
                "https://img.myshopline.com/image/store/1716802692037/C09.png?w=332&h=402&q=80",
                "https://img.myshopline.com/image/store/1716802692037/C09.png?w=332&h=402&q=80"
            ]
        },
        {
            "id": 18,
            "name": "DO-CT 08 L09 Table",
            "price": "371.00",
            "desc": "Coffee Table",
            "material": "stainless steel net surface anti-fingerprint + natural full star marble/imported onyx natural marble",
            "dimension": "810*580*390",
            "image": [
                "https://img.myshopline.com/image/store/1716802692037/L09.jpeg?w=646&h=372&q=80",
                "https://img.myshopline.com/image/store/1716802692037/L09.jpeg?w=646&h=372&q=80"
            ]
        },
        {
            "id": 19,
            "name": "DO-CT 06 M51 Table",
            "price": "233.00",
            "desc": "Coffee Table",
            "material": "brushed stainless steel",
            "dimension": "370*420*460",
            "image": [
                "https://img.myshopline.com/image/store/1716802692037/M51_375x.jpeg?w=1440&h=1080&q=80",
                "https://img.myshopline.com/image/store/1716802692037/M51_375x.jpeg?w=1440&h=1080&q=80"
            ]
        },
        {
            "id": 20,
            "name": "DO-CT 05 C290 Coffee Table",
            "price": "588.00",
            "desc": "Coffee Table",
            "material": "Material/process: solid stainless steel 10mm brushed anti-fingerprint + natural onyx marble",
            "dimension": "1200*1200*260",
            "image": [
                "https://img.myshopline.com/image/store/1716802692037/62710ec21f57a3f77cb6c9d1ff43540_375x.jpeg?w=1080&h=1080&q=80",
                "https://img.myshopline.com/image/store/1716802692037/dcb9c26007b37b1fb0ec211e0a0d946_375x.jpeg?w=800&h=800&q=80"
            ]
        },
        {
            "id": 21,
            "name": "DO-NS 03 Nightstand A8190",
            "price": "114.00",
            "desc": "Bed",
            "material": " Smoked wood veneer, solid wood cabinet",
            "dimension": "45x44x52",
            "image": [
                "https://img.myshopline.com/image/store/1716802692037/518PvicTq2L-AC-SL1024-_540x.jpeg?w=1024&h=1024?w=1080&h=1080&q=80",
                "https://img.myshopline.com/image/store/1716802692037/6583338cfbadc6671ca9bcd2f4ba2f5_540x.jpeg?w=800&h=800&q=80"
            ]
        },
        {
            "id": 22,
            "name": "DO-NS 03 Nightstand A8190",
            "price": "114.00",
            "desc": "Bed",
            "material": " Smoked wood veneer, solid wood cabinet",
            "dimension": "45x44x52",
            "image": [
                "https://img.myshopline.com/image/store/1716802692037/518PvicTq2L-AC-SL1024-_540x.jpeg?w=1024&h=1024?w=1080&h=1080&q=80",
                "https://img.myshopline.com/image/store/1716802692037/6583338cfbadc6671ca9bcd2f4ba2f5_540x.jpeg?w=800&h=800&q=80"
            ]
        },
        {
            "id": 23,
            "name": "DO-NS 03 Nightstand A8190",
            "price": "114.00",
            "desc": "Bed",
            "material": " Smoked wood veneer, solid wood cabinet",
            "dimension": "45x44x52",
            "image": [
                "https://img.myshopline.com/image/store/1716802692037/518PvicTq2L-AC-SL1024-_540x.jpeg?w=1024&h=1024?w=1080&h=1080&q=80",
                "https://img.myshopline.com/image/store/1716802692037/6583338cfbadc6671ca9bcd2f4ba2f5_540x.jpeg?w=800&h=800&q=80"
            ]
        },
        {
            "id": 24,
            "name": "DO-CT 05 C290 Coffee Table",
            "price": "588.00",
            "desc": "Dining Chair",
            "material": "Material/process: solid stainless steel 10mm brushed anti-fingerprint + natural onyx marble",
            "dimension": "1200*1200*260",
            "image": [
                "https://img.myshopline.com/image/store/1716802692037/62710ec21f57a3f77cb6c9d1ff43540_375x.jpeg?w=1080&h=1080&q=80",
                "https://img.myshopline.com/image/store/1716802692037/dcb9c26007b37b1fb0ec211e0a0d946_375x.jpeg?w=800&h=800&q=80"
            ]
        },
        {
            "id": 25,
            "name": "DO-CT 05 C290 Coffee Table",
            "price": "588.00",
            "desc": "Dining Chair",
            "material": "Material/process: solid stainless steel 10mm brushed anti-fingerprint + natural onyx marble",
            "dimension": "1200*1200*260",
            "image": [
                "https://img.myshopline.com/image/store/1716802692037/62710ec21f57a3f77cb6c9d1ff43540_375x.jpeg?w=1080&h=1080&q=80",
                "https://img.myshopline.com/image/store/1716802692037/dcb9c26007b37b1fb0ec211e0a0d946_375x.jpeg?w=800&h=800&q=80"
            ]
        },
        {
            "id": 26,
            "name": "DO-CT 05 C290 Coffee Table",
            "price": "588.00",
            "desc": "Dining Chair",
            "material": "Material/process: solid stainless steel 10mm brushed anti-fingerprint + natural onyx marble",
            "dimension": "1200*1200*260",
            "image": [
                "https://img.myshopline.com/image/store/1716802692037/62710ec21f57a3f77cb6c9d1ff43540_375x.jpeg?w=1080&h=1080&q=80",
                "https://img.myshopline.com/image/store/1716802692037/dcb9c26007b37b1fb0ec211e0a0d946_375x.jpeg?w=800&h=800&q=80"
            ]
        },
        {
            "id": 27,
            "name": "DO-CT 05 C290 Coffee Table",
            "price": "588.00",
            "desc": "Dining Table",
            "material": "Material/process: solid stainless steel 10mm brushed anti-fingerprint + natural onyx marble",
            "dimension": "1200*1200*260",
            "image": [
                "https://img.myshopline.com/image/store/1716802692037/62710ec21f57a3f77cb6c9d1ff43540_375x.jpeg?w=1080&h=1080&q=80",
                "https://img.myshopline.com/image/store/1716802692037/dcb9c26007b37b1fb0ec211e0a0d946_375x.jpeg?w=800&h=800&q=80"
            ]
        },
        {
            "id": 28,
            "name": "DO-NS 03 Nightstand A8190",
            "price": "114.00",
            "desc": "Dining Table",
            "material": " Smoked wood veneer, solid wood cabinet",
            "dimension": "45x44x52",
            "image": [
                "https://img.myshopline.com/image/store/1716802692037/518PvicTq2L-AC-SL1024-_540x.jpeg?w=1024&h=1024?w=1080&h=1080&q=80",
                "https://img.myshopline.com/image/store/1716802692037/6583338cfbadc6671ca9bcd2f4ba2f5_540x.jpeg?w=800&h=800&q=80"
            ]
        },
        {
            "id": 29,
            "name": "DO-NS 03 Nightstand A8190",
            "price": "114.00",
            "desc": "Dining Table",
            "material": " Smoked wood veneer, solid wood cabinet",
            "dimension": "45x44x52",
            "image": [
                "https://img.myshopline.com/image/store/1716802692037/518PvicTq2L-AC-SL1024-_540x.jpeg?w=1024&h=1024?w=1080&h=1080&q=80",
                "https://img.myshopline.com/image/store/1716802692037/6583338cfbadc6671ca9bcd2f4ba2f5_540x.jpeg?w=800&h=800&q=80"
            ]
        },
        {
            "id": 30,
            "name": "DO-NS 03 Nightstand A8190",
            "price": "114.00",
            "desc": "Dining Table",
            "material": " Smoked wood veneer, solid wood cabinet",
            "dimension": "45x44x52",
            "image": [
                "https://img.myshopline.com/image/store/1716802692037/518PvicTq2L-AC-SL1024-_540x.jpeg?w=1024&h=1024?w=1080&h=1080&q=80",
                "https://img.myshopline.com/image/store/1716802692037/6583338cfbadc6671ca9bcd2f4ba2f5_540x.jpeg?w=800&h=800&q=80"
            ]
        },
        {
            "id": 31,
            "name": "DO-SF 04 316B Sofa",
            "price": "2,366.00",
            "desc": "INDOOR",
            "material": "",
            "dimension": "4300*1120*890",
            "image": [
                "https://img.myshopline.com/image/store/1716802692037/WechatIMG552.jpeg?w=1080&h=1080&q=80",
                "https://img.myshopline.com/image/store/1716802692037/WechatIMG553.jpeg?w=800&h=800&q=80"
            ]
        },
        {
            "id": 32,
            "name": "DO-SF 08 321 Sofa",
            "price": "2,367.00",
            "desc": "INDOOR",
            "material": "",
            "dimension": "4300*1120*890",
            "image": [
                "https://img.myshopline.com/image/store/1716802692037/WechatIMG548.jpeg?w=800&h=719&q=80",
                "https://img.myshopline.com/image/store/1716802692037/WechatIMG547.jpeg?w=800&h=800&q=80",
                "https://img.myshopline.com/image/store/1716802692037/WechatIMG550.jpeg?w=1440&h=1080&q=80",
                "https://img.myshopline.com/image/store/1716802692037/WechatIMG549.jpeg?w=1440&h=1080&q=80"
            ]
        },
        {
            "id": 33,
            "name": "DO-NS 03 Nightstand A8190",
            "price": "114.00",
            "desc": "OUTDOOR",
            "material": " Smoked wood veneer, solid wood cabinet",
            "dimension": "45x44x52",
            "image": [
                "https://img.myshopline.com/image/store/1716802692037/518PvicTq2L-AC-SL1024-_540x.jpeg?w=1024&h=1024?w=1080&h=1080&q=80",
                "https://img.myshopline.com/image/store/1716802692037/6583338cfbadc6671ca9bcd2f4ba2f5_540x.jpeg?w=800&h=800&q=80"
            ]
        },
        {
            "id": 34,
            "name": "DO-SF 04 316B Sofa",
            "price": "2,366.00",
            "desc": "OUTDOOR",
            "material": "",
            "dimension": "4300*1120*890",
            "image": [
                "https://img.myshopline.com/image/store/1716802692037/WechatIMG552.jpeg?w=1080&h=1080&q=80",
                "https://img.myshopline.com/image/store/1716802692037/WechatIMG553.jpeg?w=800&h=800&q=80"
            ]
        },
        {
            "id": 1,
            "name": "DO-SF 04 316B Sofa",
            "price": "2,366.00",
            "desc": "Sofa",
            "material": "",
            "dimension": "4300*1120*890",
            "image": [
                "https://img.myshopline.com/image/store/1716802692037/WechatIMG552.jpeg?w=1080&h=1080&q=80",
                "https://img.myshopline.com/image/store/1716802692037/WechatIMG553.jpeg?w=800&h=800&q=80"
            ]
        },
        {
            "id": 2,
            "name": "DO-SF 08 321 Sofa",
            "price": "2,367.00",
            "desc": "Sofa",
            "material": "",
            "dimension": "4300*1120*890",
            "image": [
                "https://img.myshopline.com/image/store/1716802692037/WechatIMG548.jpeg?w=800&h=719&q=80",
                "https://img.myshopline.com/image/store/1716802692037/WechatIMG547.jpeg?w=800&h=800&q=80",
                "https://img.myshopline.com/image/store/1716802692037/WechatIMG550.jpeg?w=1440&h=1080&q=80",
                "https://img.myshopline.com/image/store/1716802692037/WechatIMG549.jpeg?w=1440&h=1080&q=80"
            ]
        },
        {
            "id": 3,
            "name": "DO-SF 13 325 Sofa",
            "price": "2,524.00",
            "desc": "Sofa",
            "material": "",
            "dimension": "3360*1120*820",
            "image": [
                "https://img.myshopline.com/image/store/1716802692037/WechatIMG562.jpeg?w=1440&h=1080&q=80",
                "https://img.myshopline.com/image/store/1716802692037/WechatIMG560.jpeg?w=1440&h=1080&q=80",
                "https://img.myshopline.com/image/store/1716802692037/WechatIMG561.jpeg?w=1440&h=1080&q=80"
            ]
        },
        {
            "id": 4,
            "name": "DO-SF 04 316B Sofa",
            "price": "2,366.00",
            "desc": "Sofa",
            "material": "",
            "dimension": "4300*1120*890",
            "image": [
                "https://img.myshopline.com/image/store/1716802692037/WechatIMG552.jpeg?w=1080&h=1080&q=80",
                "https://img.myshopline.com/image/store/1716802692037/WechatIMG553.jpeg?w=800&h=800&q=80",
                "https://img.myshopline.com/image/store/1716802692037/WechatIMG553.jpeg?w=800&h=800&q=80"
            ]
        },
        {
            "id": 5,
            "name": "DO-SF 08 321 Sofa",
            "price": "2,367.00",
            "desc": "Sofa",
            "material": "",
            "dimension": "4300*1120*890",
            "image": [
                "https://img.myshopline.com/image/store/1716802692037/WechatIMG548.jpeg?w=800&h=719&q=80",
                "https://img.myshopline.com/image/store/1716802692037/WechatIMG547.jpeg?w=800&h=800&q=80",
                "https://img.myshopline.com/image/store/1716802692037/WechatIMG550.jpeg?w=1440&h=1080&q=80",
                "https://img.myshopline.com/image/store/1716802692037/WechatIMG549.jpeg?w=1440&h=1080&q=80"
            ]
        },
        {
            "id": 6,
            "name": "DO-SF 13 325 Sofa",
            "price": "2,524.00",
            "desc": "Sofa",
            "material": "",
            "dimension": "3360*1120*820",
            "image": [
                "https://img.myshopline.com/image/store/1716802692037/WechatIMG562.jpeg?w=1440&h=1080&q=80",
                "https://img.myshopline.com/image/store/1716802692037/WechatIMG560.jpeg?w=1440&h=1080&q=80",
                "https://img.myshopline.com/image/store/1716802692037/WechatIMG561.jpeg?w=1440&h=1080&q=80"
            ]
        },
        {
            "id": 7,
            "name": "DO-NS 03 Nightstand A8190",
            "price": "114.00",
            "desc": "Nightstand",
            "material": " Smoked wood veneer, solid wood cabinet",
            "dimension": "45x44x52",
            "image": [
                "https://img.myshopline.com/image/store/1716802692037/518PvicTq2L-AC-SL1024-_540x.jpeg?w=1024&h=1024?w=1080&h=1080&q=80",
                "https://img.myshopline.com/image/store/1716802692037/6583338cfbadc6671ca9bcd2f4ba2f5_540x.jpeg?w=800&h=800&q=80"
            ]
        },
        {
            "id": 8,
            "name": "DO-NS 03 Nightstand A8190",
            "price": "114.00",
            "desc": "Nightstand",
            "material": " Smoked wood veneer, solid wood cabinet",
            "dimension": "45x44x52",
            "image": [
                "https://img.myshopline.com/image/store/1716802692037/518PvicTq2L-AC-SL1024-_540x.jpeg?w=1024&h=1024?w=1080&h=1080&q=80",
                "https://img.myshopline.com/image/store/1716802692037/6583338cfbadc6671ca9bcd2f4ba2f5_540x.jpeg?w=800&h=800&q=80"
            ]
        },
        {
            "id": 9,
            "name": "DO-NS 03 Nightstand A8190",
            "price": "114.00",
            "desc": "Nightstand",
            "material": " Smoked wood veneer, solid wood cabinet",
            "dimension": "45x44x52",
            "image": [
                "https://img.myshopline.com/image/store/1716802692037/518PvicTq2L-AC-SL1024-_540x.jpeg?w=1024&h=1024?w=1080&h=1080&q=80",
                "https://img.myshopline.com/image/store/1716802692037/6583338cfbadc6671ca9bcd2f4ba2f5_540x.jpeg?w=800&h=800&q=80"
            ]
        },
        {
            "id": 10,
            "name": "DO-NS 03 Nightstand A8190",
            "price": "114.00",
            "desc": "Nightstand",
            "material": " Smoked wood veneer, solid wood cabinet",
            "dimension": "45x44x52",
            "image": [
                "https://img.myshopline.com/image/store/1716802692037/518PvicTq2L-AC-SL1024-_540x.jpeg?w=1024&h=1024?w=1080&h=1080&q=80",
                "https://img.myshopline.com/image/store/1716802692037/6583338cfbadc6671ca9bcd2f4ba2f5_540x.jpeg?w=800&h=800&q=80"
            ]
        },
        {
            "id": 11,
            "name": "DO-NS 03 Nightstand A8190",
            "price": "114.00",
            "desc": "Nightstand",
            "material": " Smoked wood veneer, solid wood cabinet",
            "dimension": "45x44x52",
            "image": [
                "https://img.myshopline.com/image/store/1716802692037/518PvicTq2L-AC-SL1024-_540x.jpeg?w=1024&h=1024?w=1080&h=1080&q=80",
                "https://img.myshopline.com/image/store/1716802692037/6583338cfbadc6671ca9bcd2f4ba2f5_540x.jpeg?w=800&h=800&q=80"
            ]
        },
        {
            "id": 12,
            "name": "DO-NS 03 Nightstand A8190",
            "price": "114.00",
            "desc": "Nightstand",
            "material": " Smoked wood veneer, solid wood cabinet",
            "dimension": "45x44x52",
            "image": [
                "https://img.myshopline.com/image/store/1716802692037/518PvicTq2L-AC-SL1024-_540x.jpeg?w=1024&h=1024?w=1080&h=1080&q=80",
                "https://img.myshopline.com/image/store/1716802692037/6583338cfbadc6671ca9bcd2f4ba2f5_540x.jpeg?w=800&h=800&q=80"
            ]
        },
        {
            "id": 13,
            "name": "DO-CT 07 C09 Table",
            "price": "134.00",
            "desc": "Coffee Table",
            "material": " brushed antique copper + imported onyx natural stone",
            "dimension": "400*490",
            "image": [
                "https://img.myshopline.com/image/store/1716802692037/C09.png?w=332&h=402&q=80",
                "https://img.myshopline.com/image/store/1716802692037/C09.png?w=332&h=402&q=80"
            ]
        },
        {
            "id": 14,
            "name": "DO-CT 08 L09 Table",
            "price": "371.00",
            "desc": "Coffee Table",
            "material": "stainless steel net surface anti-fingerprint + natural full star marble/imported onyx natural marble",
            "dimension": "810*580*390",
            "image": [
                "https://img.myshopline.com/image/store/1716802692037/L09.jpeg?w=646&h=372&q=80",
                "https://img.myshopline.com/image/store/1716802692037/L09.jpeg?w=646&h=372&q=80"
            ]
        },
        {
            "id": 15,
            "name": "DO-CT 06 M51 Table",
            "price": "233.00",
            "desc": "Coffee Table",
            "material": "brushed stainless steel",
            "dimension": "370*420*460",
            "image": [
                "https://img.myshopline.com/image/store/1716802692037/M51_375x.jpeg?w=1440&h=1080&q=80",
                "https://img.myshopline.com/image/store/1716802692037/M51_375x.jpeg?w=1440&h=1080&q=80"
            ]
        },
        {
            "id": 16,
            "name": "DO-CT 05 C290 Coffee Table",
            "price": "588.00",
            "desc": "Coffee Table",
            "material": "Material/process: solid stainless steel 10mm brushed anti-fingerprint + natural onyx marble",
            "dimension": "1200*1200*260",
            "image": [
                "https://img.myshopline.com/image/store/1716802692037/62710ec21f57a3f77cb6c9d1ff43540_375x.jpeg?w=1080&h=1080&q=80",
                "https://img.myshopline.com/image/store/1716802692037/dcb9c26007b37b1fb0ec211e0a0d946_375x.jpeg?w=800&h=800&q=80"
            ]
        },
        {
            "id": 17,
            "name": "DO-CT 07 C09 Table",
            "price": "134.00",
            "desc": "Coffee Table",
            "material": " brushed antique copper + imported onyx natural stone",
            "dimension": "400*490",
            "image": [
                "https://img.myshopline.com/image/store/1716802692037/C09.png?w=332&h=402&q=80",
                "https://img.myshopline.com/image/store/1716802692037/C09.png?w=332&h=402&q=80"
            ]
        },
        {
            "id": 18,
            "name": "DO-CT 08 L09 Table",
            "price": "371.00",
            "desc": "Coffee Table",
            "material": "stainless steel net surface anti-fingerprint + natural full star marble/imported onyx natural marble",
            "dimension": "810*580*390",
            "image": [
                "https://img.myshopline.com/image/store/1716802692037/L09.jpeg?w=646&h=372&q=80",
                "https://img.myshopline.com/image/store/1716802692037/L09.jpeg?w=646&h=372&q=80"
            ]
        },
        {
            "id": 19,
            "name": "DO-CT 06 M51 Table",
            "price": "233.00",
            "desc": "Coffee Table",
            "material": "brushed stainless steel",
            "dimension": "370*420*460",
            "image": [
                "https://img.myshopline.com/image/store/1716802692037/M51_375x.jpeg?w=1440&h=1080&q=80",
                "https://img.myshopline.com/image/store/1716802692037/M51_375x.jpeg?w=1440&h=1080&q=80"
            ]
        },
        {
            "id": 20,
            "name": "DO-CT 05 C290 Coffee Table",
            "price": "588.00",
            "desc": "Coffee Table",
            "material": "Material/process: solid stainless steel 10mm brushed anti-fingerprint + natural onyx marble",
            "dimension": "1200*1200*260",
            "image": [
                "https://img.myshopline.com/image/store/1716802692037/62710ec21f57a3f77cb6c9d1ff43540_375x.jpeg?w=1080&h=1080&q=80",
                "https://img.myshopline.com/image/store/1716802692037/dcb9c26007b37b1fb0ec211e0a0d946_375x.jpeg?w=800&h=800&q=80"
            ]
        },
        {
            "id": 21,
            "name": "DO-NS 03 Nightstand A8190",
            "price": "114.00",
            "desc": "Bed",
            "material": " Smoked wood veneer, solid wood cabinet",
            "dimension": "45x44x52",
            "image": [
                "https://img.myshopline.com/image/store/1716802692037/518PvicTq2L-AC-SL1024-_540x.jpeg?w=1024&h=1024?w=1080&h=1080&q=80",
                "https://img.myshopline.com/image/store/1716802692037/6583338cfbadc6671ca9bcd2f4ba2f5_540x.jpeg?w=800&h=800&q=80"
            ]
        },
        {
            "id": 22,
            "name": "DO-NS 03 Nightstand A8190",
            "price": "114.00",
            "desc": "Bed",
            "material": " Smoked wood veneer, solid wood cabinet",
            "dimension": "45x44x52",
            "image": [
                "https://img.myshopline.com/image/store/1716802692037/518PvicTq2L-AC-SL1024-_540x.jpeg?w=1024&h=1024?w=1080&h=1080&q=80",
                "https://img.myshopline.com/image/store/1716802692037/6583338cfbadc6671ca9bcd2f4ba2f5_540x.jpeg?w=800&h=800&q=80"
            ]
        },
        {
            "id": 23,
            "name": "DO-NS 03 Nightstand A8190",
            "price": "114.00",
            "desc": "Bed",
            "material": " Smoked wood veneer, solid wood cabinet",
            "dimension": "45x44x52",
            "image": [
                "https://img.myshopline.com/image/store/1716802692037/518PvicTq2L-AC-SL1024-_540x.jpeg?w=1024&h=1024?w=1080&h=1080&q=80",
                "https://img.myshopline.com/image/store/1716802692037/6583338cfbadc6671ca9bcd2f4ba2f5_540x.jpeg?w=800&h=800&q=80"
            ]
        },
        {
            "id": 24,
            "name": "DO-CT 05 C290 Coffee Table",
            "price": "588.00",
            "desc": "Dining Chair",
            "material": "Material/process: solid stainless steel 10mm brushed anti-fingerprint + natural onyx marble",
            "dimension": "1200*1200*260",
            "image": [
                "https://img.myshopline.com/image/store/1716802692037/62710ec21f57a3f77cb6c9d1ff43540_375x.jpeg?w=1080&h=1080&q=80",
                "https://img.myshopline.com/image/store/1716802692037/dcb9c26007b37b1fb0ec211e0a0d946_375x.jpeg?w=800&h=800&q=80"
            ]
        },
        {
            "id": 25,
            "name": "DO-CT 05 C290 Coffee Table",
            "price": "588.00",
            "desc": "Dining Chair",
            "material": "Material/process: solid stainless steel 10mm brushed anti-fingerprint + natural onyx marble",
            "dimension": "1200*1200*260",
            "image": [
                "https://img.myshopline.com/image/store/1716802692037/62710ec21f57a3f77cb6c9d1ff43540_375x.jpeg?w=1080&h=1080&q=80",
                "https://img.myshopline.com/image/store/1716802692037/dcb9c26007b37b1fb0ec211e0a0d946_375x.jpeg?w=800&h=800&q=80"
            ]
        },
        {
            "id": 26,
            "name": "DO-CT 05 C290 Coffee Table",
            "price": "588.00",
            "desc": "Dining Chair",
            "material": "Material/process: solid stainless steel 10mm brushed anti-fingerprint + natural onyx marble",
            "dimension": "1200*1200*260",
            "image": [
                "https://img.myshopline.com/image/store/1716802692037/62710ec21f57a3f77cb6c9d1ff43540_375x.jpeg?w=1080&h=1080&q=80",
                "https://img.myshopline.com/image/store/1716802692037/dcb9c26007b37b1fb0ec211e0a0d946_375x.jpeg?w=800&h=800&q=80"
            ]
        },
        {
            "id": 27,
            "name": "DO-CT 05 C290 Coffee Table",
            "price": "588.00",
            "desc": "Dining Table",
            "material": "Material/process: solid stainless steel 10mm brushed anti-fingerprint + natural onyx marble",
            "dimension": "1200*1200*260",
            "image": [
                "https://img.myshopline.com/image/store/1716802692037/62710ec21f57a3f77cb6c9d1ff43540_375x.jpeg?w=1080&h=1080&q=80",
                "https://img.myshopline.com/image/store/1716802692037/dcb9c26007b37b1fb0ec211e0a0d946_375x.jpeg?w=800&h=800&q=80"
            ]
        },
        {
            "id": 28,
            "name": "DO-NS 03 Nightstand A8190",
            "price": "114.00",
            "desc": "Dining Table",
            "material": " Smoked wood veneer, solid wood cabinet",
            "dimension": "45x44x52",
            "image": [
                "https://img.myshopline.com/image/store/1716802692037/518PvicTq2L-AC-SL1024-_540x.jpeg?w=1024&h=1024?w=1080&h=1080&q=80",
                "https://img.myshopline.com/image/store/1716802692037/6583338cfbadc6671ca9bcd2f4ba2f5_540x.jpeg?w=800&h=800&q=80"
            ]
        },
        {
            "id": 29,
            "name": "DO-NS 03 Nightstand A8190",
            "price": "114.00",
            "desc": "Dining Table",
            "material": " Smoked wood veneer, solid wood cabinet",
            "dimension": "45x44x52",
            "image": [
                "https://img.myshopline.com/image/store/1716802692037/518PvicTq2L-AC-SL1024-_540x.jpeg?w=1024&h=1024?w=1080&h=1080&q=80",
                "https://img.myshopline.com/image/store/1716802692037/6583338cfbadc6671ca9bcd2f4ba2f5_540x.jpeg?w=800&h=800&q=80"
            ]
        },
        {
            "id": 30,
            "name": "DO-NS 03 Nightstand A8190",
            "price": "114.00",
            "desc": "Dining Table",
            "material": " Smoked wood veneer, solid wood cabinet",
            "dimension": "45x44x52",
            "image": [
                "https://img.myshopline.com/image/store/1716802692037/518PvicTq2L-AC-SL1024-_540x.jpeg?w=1024&h=1024?w=1080&h=1080&q=80",
                "https://img.myshopline.com/image/store/1716802692037/6583338cfbadc6671ca9bcd2f4ba2f5_540x.jpeg?w=800&h=800&q=80"
            ]
        },
        {
            "id": 31,
            "name": "DO-SF 04 316B Sofa",
            "price": "2,366.00",
            "desc": "INDOOR",
            "material": "",
            "dimension": "4300*1120*890",
            "image": [
                "https://img.myshopline.com/image/store/1716802692037/WechatIMG552.jpeg?w=1080&h=1080&q=80",
                "https://img.myshopline.com/image/store/1716802692037/WechatIMG553.jpeg?w=800&h=800&q=80"
            ]
        },
        {
            "id": 32,
            "name": "DO-SF 08 321 Sofa",
            "price": "2,367.00",
            "desc": "INDOOR",
            "material": "",
            "dimension": "4300*1120*890",
            "image": [
                "https://img.myshopline.com/image/store/1716802692037/WechatIMG548.jpeg?w=800&h=719&q=80",
                "https://img.myshopline.com/image/store/1716802692037/WechatIMG547.jpeg?w=800&h=800&q=80",
                "https://img.myshopline.com/image/store/1716802692037/WechatIMG550.jpeg?w=1440&h=1080&q=80",
                "https://img.myshopline.com/image/store/1716802692037/WechatIMG549.jpeg?w=1440&h=1080&q=80"
            ]
        },
        {
            "id": 33,
            "name": "DO-NS 03 Nightstand A8190",
            "price": "114.00",
            "desc": "OUTDOOR",
            "material": " Smoked wood veneer, solid wood cabinet",
            "dimension": "45x44x52",
            "image": [
                "https://img.myshopline.com/image/store/1716802692037/518PvicTq2L-AC-SL1024-_540x.jpeg?w=1024&h=1024?w=1080&h=1080&q=80",
                "https://img.myshopline.com/image/store/1716802692037/6583338cfbadc6671ca9bcd2f4ba2f5_540x.jpeg?w=800&h=800&q=80"
            ]
        },
        {
            "id": 34,
            "name": "DO-SF 04 316B Sofa",
            "price": "2,366.00",
            "desc": "OUTDOOR",
            "material": "",
            "dimension": "4300*1120*890",
            "image": [
                "https://img.myshopline.com/image/store/1716802692037/WechatIMG552.jpeg?w=1080&h=1080&q=80",
                "https://img.myshopline.com/image/store/1716802692037/WechatIMG553.jpeg?w=800&h=800&q=80"
            ]
        },
        {
            "id": 1,
            "name": "DO-SF 04 316B Sofa",
            "price": "2,366.00",
            "desc": "Sofa",
            "material": "",
            "dimension": "4300*1120*890",
            "image": [
                "https://img.myshopline.com/image/store/1716802692037/WechatIMG552.jpeg?w=1080&h=1080&q=80",
                "https://img.myshopline.com/image/store/1716802692037/WechatIMG553.jpeg?w=800&h=800&q=80"
            ]
        },
        {
            "id": 2,
            "name": "DO-SF 08 321 Sofa",
            "price": "2,367.00",
            "desc": "Sofa",
            "material": "",
            "dimension": "4300*1120*890",
            "image": [
                "https://img.myshopline.com/image/store/1716802692037/WechatIMG548.jpeg?w=800&h=719&q=80",
                "https://img.myshopline.com/image/store/1716802692037/WechatIMG547.jpeg?w=800&h=800&q=80",
                "https://img.myshopline.com/image/store/1716802692037/WechatIMG550.jpeg?w=1440&h=1080&q=80",
                "https://img.myshopline.com/image/store/1716802692037/WechatIMG549.jpeg?w=1440&h=1080&q=80"
            ]
        },
        {
            "id": 3,
            "name": "DO-SF 13 325 Sofa",
            "price": "2,524.00",
            "desc": "Sofa",
            "material": "",
            "dimension": "3360*1120*820",
            "image": [
                "https://img.myshopline.com/image/store/1716802692037/WechatIMG562.jpeg?w=1440&h=1080&q=80",
                "https://img.myshopline.com/image/store/1716802692037/WechatIMG560.jpeg?w=1440&h=1080&q=80",
                "https://img.myshopline.com/image/store/1716802692037/WechatIMG561.jpeg?w=1440&h=1080&q=80"
            ]
        },
        {
            "id": 4,
            "name": "DO-SF 04 316B Sofa",
            "price": "2,366.00",
            "desc": "Sofa",
            "material": "",
            "dimension": "4300*1120*890",
            "image": [
                "https://img.myshopline.com/image/store/1716802692037/WechatIMG552.jpeg?w=1080&h=1080&q=80",
                "https://img.myshopline.com/image/store/1716802692037/WechatIMG553.jpeg?w=800&h=800&q=80",
                "https://img.myshopline.com/image/store/1716802692037/WechatIMG553.jpeg?w=800&h=800&q=80"
            ]
        },
        {
            "id": 5,
            "name": "DO-SF 08 321 Sofa",
            "price": "2,367.00",
            "desc": "Sofa",
            "material": "",
            "dimension": "4300*1120*890",
            "image": [
                "https://img.myshopline.com/image/store/1716802692037/WechatIMG548.jpeg?w=800&h=719&q=80",
                "https://img.myshopline.com/image/store/1716802692037/WechatIMG547.jpeg?w=800&h=800&q=80",
                "https://img.myshopline.com/image/store/1716802692037/WechatIMG550.jpeg?w=1440&h=1080&q=80",
                "https://img.myshopline.com/image/store/1716802692037/WechatIMG549.jpeg?w=1440&h=1080&q=80"
            ]
        },
        {
            "id": 6,
            "name": "DO-SF 13 325 Sofa",
            "price": "2,524.00",
            "desc": "Sofa",
            "material": "",
            "dimension": "3360*1120*820",
            "image": [
                "https://img.myshopline.com/image/store/1716802692037/WechatIMG562.jpeg?w=1440&h=1080&q=80",
                "https://img.myshopline.com/image/store/1716802692037/WechatIMG560.jpeg?w=1440&h=1080&q=80",
                "https://img.myshopline.com/image/store/1716802692037/WechatIMG561.jpeg?w=1440&h=1080&q=80"
            ]
        },
        {
            "id": 7,
            "name": "DO-NS 03 Nightstand A8190",
            "price": "114.00",
            "desc": "Nightstand",
            "material": " Smoked wood veneer, solid wood cabinet",
            "dimension": "45x44x52",
            "image": [
                "https://img.myshopline.com/image/store/1716802692037/518PvicTq2L-AC-SL1024-_540x.jpeg?w=1024&h=1024?w=1080&h=1080&q=80",
                "https://img.myshopline.com/image/store/1716802692037/6583338cfbadc6671ca9bcd2f4ba2f5_540x.jpeg?w=800&h=800&q=80"
            ]
        },
        {
            "id": 8,
            "name": "DO-NS 03 Nightstand A8190",
            "price": "114.00",
            "desc": "Nightstand",
            "material": " Smoked wood veneer, solid wood cabinet",
            "dimension": "45x44x52",
            "image": [
                "https://img.myshopline.com/image/store/1716802692037/518PvicTq2L-AC-SL1024-_540x.jpeg?w=1024&h=1024?w=1080&h=1080&q=80",
                "https://img.myshopline.com/image/store/1716802692037/6583338cfbadc6671ca9bcd2f4ba2f5_540x.jpeg?w=800&h=800&q=80"
            ]
        },
        {
            "id": 9,
            "name": "DO-NS 03 Nightstand A8190",
            "price": "114.00",
            "desc": "Nightstand",
            "material": " Smoked wood veneer, solid wood cabinet",
            "dimension": "45x44x52",
            "image": [
                "https://img.myshopline.com/image/store/1716802692037/518PvicTq2L-AC-SL1024-_540x.jpeg?w=1024&h=1024?w=1080&h=1080&q=80",
                "https://img.myshopline.com/image/store/1716802692037/6583338cfbadc6671ca9bcd2f4ba2f5_540x.jpeg?w=800&h=800&q=80"
            ]
        },
        {
            "id": 10,
            "name": "DO-NS 03 Nightstand A8190",
            "price": "114.00",
            "desc": "Nightstand",
            "material": " Smoked wood veneer, solid wood cabinet",
            "dimension": "45x44x52",
            "image": [
                "https://img.myshopline.com/image/store/1716802692037/518PvicTq2L-AC-SL1024-_540x.jpeg?w=1024&h=1024?w=1080&h=1080&q=80",
                "https://img.myshopline.com/image/store/1716802692037/6583338cfbadc6671ca9bcd2f4ba2f5_540x.jpeg?w=800&h=800&q=80"
            ]
        },
        {
            "id": 11,
            "name": "DO-NS 03 Nightstand A8190",
            "price": "114.00",
            "desc": "Nightstand",
            "material": " Smoked wood veneer, solid wood cabinet",
            "dimension": "45x44x52",
            "image": [
                "https://img.myshopline.com/image/store/1716802692037/518PvicTq2L-AC-SL1024-_540x.jpeg?w=1024&h=1024?w=1080&h=1080&q=80",
                "https://img.myshopline.com/image/store/1716802692037/6583338cfbadc6671ca9bcd2f4ba2f5_540x.jpeg?w=800&h=800&q=80"
            ]
        },
        {
            "id": 12,
            "name": "DO-NS 03 Nightstand A8190",
            "price": "114.00",
            "desc": "Nightstand",
            "material": " Smoked wood veneer, solid wood cabinet",
            "dimension": "45x44x52",
            "image": [
                "https://img.myshopline.com/image/store/1716802692037/518PvicTq2L-AC-SL1024-_540x.jpeg?w=1024&h=1024?w=1080&h=1080&q=80",
                "https://img.myshopline.com/image/store/1716802692037/6583338cfbadc6671ca9bcd2f4ba2f5_540x.jpeg?w=800&h=800&q=80"
            ]
        },
        {
            "id": 13,
            "name": "DO-CT 07 C09 Table",
            "price": "134.00",
            "desc": "Coffee Table",
            "material": " brushed antique copper + imported onyx natural stone",
            "dimension": "400*490",
            "image": [
                "https://img.myshopline.com/image/store/1716802692037/C09.png?w=332&h=402&q=80",
                "https://img.myshopline.com/image/store/1716802692037/C09.png?w=332&h=402&q=80"
            ]
        },
        {
            "id": 14,
            "name": "DO-CT 08 L09 Table",
            "price": "371.00",
            "desc": "Coffee Table",
            "material": "stainless steel net surface anti-fingerprint + natural full star marble/imported onyx natural marble",
            "dimension": "810*580*390",
            "image": [
                "https://img.myshopline.com/image/store/1716802692037/L09.jpeg?w=646&h=372&q=80",
                "https://img.myshopline.com/image/store/1716802692037/L09.jpeg?w=646&h=372&q=80"
            ]
        },
        {
            "id": 15,
            "name": "DO-CT 06 M51 Table",
            "price": "233.00",
            "desc": "Coffee Table",
            "material": "brushed stainless steel",
            "dimension": "370*420*460",
            "image": [
                "https://img.myshopline.com/image/store/1716802692037/M51_375x.jpeg?w=1440&h=1080&q=80",
                "https://img.myshopline.com/image/store/1716802692037/M51_375x.jpeg?w=1440&h=1080&q=80"
            ]
        },
        {
            "id": 16,
            "name": "DO-CT 05 C290 Coffee Table",
            "price": "588.00",
            "desc": "Coffee Table",
            "material": "Material/process: solid stainless steel 10mm brushed anti-fingerprint + natural onyx marble",
            "dimension": "1200*1200*260",
            "image": [
                "https://img.myshopline.com/image/store/1716802692037/62710ec21f57a3f77cb6c9d1ff43540_375x.jpeg?w=1080&h=1080&q=80",
                "https://img.myshopline.com/image/store/1716802692037/dcb9c26007b37b1fb0ec211e0a0d946_375x.jpeg?w=800&h=800&q=80"
            ]
        },
        {
            "id": 17,
            "name": "DO-CT 07 C09 Table",
            "price": "134.00",
            "desc": "Coffee Table",
            "material": " brushed antique copper + imported onyx natural stone",
            "dimension": "400*490",
            "image": [
                "https://img.myshopline.com/image/store/1716802692037/C09.png?w=332&h=402&q=80",
                "https://img.myshopline.com/image/store/1716802692037/C09.png?w=332&h=402&q=80"
            ]
        },
        {
            "id": 18,
            "name": "DO-CT 08 L09 Table",
            "price": "371.00",
            "desc": "Coffee Table",
            "material": "stainless steel net surface anti-fingerprint + natural full star marble/imported onyx natural marble",
            "dimension": "810*580*390",
            "image": [
                "https://img.myshopline.com/image/store/1716802692037/L09.jpeg?w=646&h=372&q=80",
                "https://img.myshopline.com/image/store/1716802692037/L09.jpeg?w=646&h=372&q=80"
            ]
        },
        {
            "id": 19,
            "name": "DO-CT 06 M51 Table",
            "price": "233.00",
            "desc": "Coffee Table",
            "material": "brushed stainless steel",
            "dimension": "370*420*460",
            "image": [
                "https://img.myshopline.com/image/store/1716802692037/M51_375x.jpeg?w=1440&h=1080&q=80",
                "https://img.myshopline.com/image/store/1716802692037/M51_375x.jpeg?w=1440&h=1080&q=80"
            ]
        },
        {
            "id": 20,
            "name": "DO-CT 05 C290 Coffee Table",
            "price": "588.00",
            "desc": "Coffee Table",
            "material": "Material/process: solid stainless steel 10mm brushed anti-fingerprint + natural onyx marble",
            "dimension": "1200*1200*260",
            "image": [
                "https://img.myshopline.com/image/store/1716802692037/62710ec21f57a3f77cb6c9d1ff43540_375x.jpeg?w=1080&h=1080&q=80",
                "https://img.myshopline.com/image/store/1716802692037/dcb9c26007b37b1fb0ec211e0a0d946_375x.jpeg?w=800&h=800&q=80"
            ]
        },
        {
            "id": 21,
            "name": "DO-NS 03 Nightstand A8190",
            "price": "114.00",
            "desc": "Bed",
            "material": " Smoked wood veneer, solid wood cabinet",
            "dimension": "45x44x52",
            "image": [
                "https://img.myshopline.com/image/store/1716802692037/518PvicTq2L-AC-SL1024-_540x.jpeg?w=1024&h=1024?w=1080&h=1080&q=80",
                "https://img.myshopline.com/image/store/1716802692037/6583338cfbadc6671ca9bcd2f4ba2f5_540x.jpeg?w=800&h=800&q=80"
            ]
        },
        {
            "id": 22,
            "name": "DO-NS 03 Nightstand A8190",
            "price": "114.00",
            "desc": "Bed",
            "material": " Smoked wood veneer, solid wood cabinet",
            "dimension": "45x44x52",
            "image": [
                "https://img.myshopline.com/image/store/1716802692037/518PvicTq2L-AC-SL1024-_540x.jpeg?w=1024&h=1024?w=1080&h=1080&q=80",
                "https://img.myshopline.com/image/store/1716802692037/6583338cfbadc6671ca9bcd2f4ba2f5_540x.jpeg?w=800&h=800&q=80"
            ]
        },
        {
            "id": 23,
            "name": "DO-NS 03 Nightstand A8190",
            "price": "114.00",
            "desc": "Bed",
            "material": " Smoked wood veneer, solid wood cabinet",
            "dimension": "45x44x52",
            "image": [
                "https://img.myshopline.com/image/store/1716802692037/518PvicTq2L-AC-SL1024-_540x.jpeg?w=1024&h=1024?w=1080&h=1080&q=80",
                "https://img.myshopline.com/image/store/1716802692037/6583338cfbadc6671ca9bcd2f4ba2f5_540x.jpeg?w=800&h=800&q=80"
            ]
        },
        {
            "id": 24,
            "name": "DO-CT 05 C290 Coffee Table",
            "price": "588.00",
            "desc": "Dining Chair",
            "material": "Material/process: solid stainless steel 10mm brushed anti-fingerprint + natural onyx marble",
            "dimension": "1200*1200*260",
            "image": [
                "https://img.myshopline.com/image/store/1716802692037/62710ec21f57a3f77cb6c9d1ff43540_375x.jpeg?w=1080&h=1080&q=80",
                "https://img.myshopline.com/image/store/1716802692037/dcb9c26007b37b1fb0ec211e0a0d946_375x.jpeg?w=800&h=800&q=80"
            ]
        },
        {
            "id": 25,
            "name": "DO-CT 05 C290 Coffee Table",
            "price": "588.00",
            "desc": "Dining Chair",
            "material": "Material/process: solid stainless steel 10mm brushed anti-fingerprint + natural onyx marble",
            "dimension": "1200*1200*260",
            "image": [
                "https://img.myshopline.com/image/store/1716802692037/62710ec21f57a3f77cb6c9d1ff43540_375x.jpeg?w=1080&h=1080&q=80",
                "https://img.myshopline.com/image/store/1716802692037/dcb9c26007b37b1fb0ec211e0a0d946_375x.jpeg?w=800&h=800&q=80"
            ]
        },
        {
            "id": 26,
            "name": "DO-CT 05 C290 Coffee Table",
            "price": "588.00",
            "desc": "Dining Chair",
            "material": "Material/process: solid stainless steel 10mm brushed anti-fingerprint + natural onyx marble",
            "dimension": "1200*1200*260",
            "image": [
                "https://img.myshopline.com/image/store/1716802692037/62710ec21f57a3f77cb6c9d1ff43540_375x.jpeg?w=1080&h=1080&q=80",
                "https://img.myshopline.com/image/store/1716802692037/dcb9c26007b37b1fb0ec211e0a0d946_375x.jpeg?w=800&h=800&q=80"
            ]
        },
        {
            "id": 27,
            "name": "DO-CT 05 C290 Coffee Table",
            "price": "588.00",
            "desc": "Dining Table",
            "material": "Material/process: solid stainless steel 10mm brushed anti-fingerprint + natural onyx marble",
            "dimension": "1200*1200*260",
            "image": [
                "https://img.myshopline.com/image/store/1716802692037/62710ec21f57a3f77cb6c9d1ff43540_375x.jpeg?w=1080&h=1080&q=80",
                "https://img.myshopline.com/image/store/1716802692037/dcb9c26007b37b1fb0ec211e0a0d946_375x.jpeg?w=800&h=800&q=80"
            ]
        },
        {
            "id": 28,
            "name": "DO-NS 03 Nightstand A8190",
            "price": "114.00",
            "desc": "Dining Table",
            "material": " Smoked wood veneer, solid wood cabinet",
            "dimension": "45x44x52",
            "image": [
                "https://img.myshopline.com/image/store/1716802692037/518PvicTq2L-AC-SL1024-_540x.jpeg?w=1024&h=1024?w=1080&h=1080&q=80",
                "https://img.myshopline.com/image/store/1716802692037/6583338cfbadc6671ca9bcd2f4ba2f5_540x.jpeg?w=800&h=800&q=80"
            ]
        },
        {
            "id": 29,
            "name": "DO-NS 03 Nightstand A8190",
            "price": "114.00",
            "desc": "Dining Table",
            "material": " Smoked wood veneer, solid wood cabinet",
            "dimension": "45x44x52",
            "image": [
                "https://img.myshopline.com/image/store/1716802692037/518PvicTq2L-AC-SL1024-_540x.jpeg?w=1024&h=1024?w=1080&h=1080&q=80",
                "https://img.myshopline.com/image/store/1716802692037/6583338cfbadc6671ca9bcd2f4ba2f5_540x.jpeg?w=800&h=800&q=80"
            ]
        },
        {
            "id": 30,
            "name": "DO-NS 03 Nightstand A8190",
            "price": "114.00",
            "desc": "Dining Table",
            "material": " Smoked wood veneer, solid wood cabinet",
            "dimension": "45x44x52",
            "image": [
                "https://img.myshopline.com/image/store/1716802692037/518PvicTq2L-AC-SL1024-_540x.jpeg?w=1024&h=1024?w=1080&h=1080&q=80",
                "https://img.myshopline.com/image/store/1716802692037/6583338cfbadc6671ca9bcd2f4ba2f5_540x.jpeg?w=800&h=800&q=80"
            ]
        },
        {
            "id": 31,
            "name": "DO-SF 04 316B Sofa",
            "price": "2,366.00",
            "desc": "INDOOR",
            "material": "",
            "dimension": "4300*1120*890",
            "image": [
                "https://img.myshopline.com/image/store/1716802692037/WechatIMG552.jpeg?w=1080&h=1080&q=80",
                "https://img.myshopline.com/image/store/1716802692037/WechatIMG553.jpeg?w=800&h=800&q=80"
            ]
        },
        {
            "id": 32,
            "name": "DO-SF 08 321 Sofa",
            "price": "2,367.00",
            "desc": "INDOOR",
            "material": "",
            "dimension": "4300*1120*890",
            "image": [
                "https://img.myshopline.com/image/store/1716802692037/WechatIMG548.jpeg?w=800&h=719&q=80",
                "https://img.myshopline.com/image/store/1716802692037/WechatIMG547.jpeg?w=800&h=800&q=80",
                "https://img.myshopline.com/image/store/1716802692037/WechatIMG550.jpeg?w=1440&h=1080&q=80",
                "https://img.myshopline.com/image/store/1716802692037/WechatIMG549.jpeg?w=1440&h=1080&q=80"
            ]
        },
        {
            "id": 33,
            "name": "DO-NS 03 Nightstand A8190",
            "price": "114.00",
            "desc": "OUTDOOR",
            "material": " Smoked wood veneer, solid wood cabinet",
            "dimension": "45x44x52",
            "image": [
                "https://img.myshopline.com/image/store/1716802692037/518PvicTq2L-AC-SL1024-_540x.jpeg?w=1024&h=1024?w=1080&h=1080&q=80",
                "https://img.myshopline.com/image/store/1716802692037/6583338cfbadc6671ca9bcd2f4ba2f5_540x.jpeg?w=800&h=800&q=80"
            ]
        },
        {
            "id": 34,
            "name": "DO-SF 04 316B Sofa",
            "price": "2,366.00",
            "desc": "OUTDOOR",
            "material": "",
            "dimension": "4300*1120*890",
            "image": [
                "https://img.myshopline.com/image/store/1716802692037/WechatIMG552.jpeg?w=1080&h=1080&q=80",
                "https://img.myshopline.com/image/store/1716802692037/WechatIMG553.jpeg?w=800&h=800&q=80"
            ]
        }
    ]
}