{
    "Product": [
        {
            "id": 1,
            "name": "Sofa",
            "img": "https://img.myshopline.com/image/store/1716802692037/z-minotti-connery-01.jpeg?w=1600&h=1000"
        },
        {
            "id": 2,
            "name": "Coffee Table",
            "img": "https://img.myshopline.com/image/store/1716802692037/13514-z-TAVOLINI.jpeg?w=1920&h=1000"
        },
        {
            "id": 3,
            "name": "Nightstand",
            "img": "https://img.myshopline.com/image/store/1716802692037/13503-z-COMODINI.jpeg?w=1920&h=1000"
        },
        {
            "id": 4,
            "name": "Bed",
            "img": "https://img.myshopline.com/image/store/1716802692037/13509-z-LETTI.jpeg?w=1920&h=1000"
        },
        {
            "id": 5,
            "name": "Dining Chair",
            "img": "https://img.myshopline.com/image/store/1716802692037/13513-z-TAVOLI.jpeg?w=1920&h=1000"
        },
        {
            "id": 6,
            "name": "Dining Table",
            "img": "https://img.myshopline.com/image/store/1716802692037/13511-z-SEDIE.jpeg?w=1920&h=1000"
        },
        {
            "id": 7,
            "name": "INDOOR",
            "img": "https://img.myshopline.com/image/store/1716802692037/16904-z-INDOOR-VIEWALL.jpeg?w=1920&h=1000"
        },
        {
            "id": 8,
            "name": "OUTDOOR",
            "img": "https://img.myshopline.com/image/store/1716802692037/14284-z-OUTDOOR-.jpeg?w=1920&h=1000"
        }
    ]
}